{
  "project_info": {
    "project_number": "224956166843",
    "project_id": "ppdm-90ee2",
    "storage_bucket": "ppdm-90ee2.appspot.com"
  },
  "client": [
    {
      "client_info": {
        "mobilesdk_app_id": "1:224956166843:android:feb247c98060faa21c2f9e",
        "android_client_info": {
          "package_name": "com.example.ppdm.ppdm"
        }
      },
      "oauth_client": [],
      "api_key": [
        {
          "current_key": "AIzaSyAc_ViVpB6314gimsatMRwuCGIeqVaRR50"
        }
      ],
      "services": {
        "appinvite_service": {
          "other_platform_oauth_client": []
        }
      }
    }
  ],
  "configuration_version": "1"
}